Workbook

Sheet Dashboard
A1: AI Engineer — 4-Week Trackable Plan
A2: 4 hours weekdays · 6 hours weekends · 32 hours/week · 128 hours total
A4: HOW TO USE
A5: 1. Fill in the 'Week of' date on each Week sheet (Monday's date).
A6: 2. Each row is a 1-hour block. Update the 'Status' dropdown as you progress (Not Started / In Progress / Done / Skipped).
A7: 3. Log actual time spent in column H. Use Notes (column I) to capture key learnings, links to your work, or questions.
A8: 4. The Dashboard auto-updates from each Week sheet — total hours, completion %, hours by week.
A9: 5. The Projects sheet tracks the four capstone projects — keep links to your GitHub repos and blog posts there.
A10: 6. The Resources sheet is your curated link library. Add to it as you find good content.
A13: WEEKLY PROGRESS
A14: Week | B14: Theme | C14: Planned Hours | D14: Hours Done | E14: Tasks Done | F14: Completion %
A15: Week 1 | B15: RAG Mastery | C15: 32 | D15: =SUMIFS('Week 1'!H4:H35, 'Week 2'!G4:G35, "Done") -> 0 | E15: =COUNTIF('Week 1'!G4:G35, "Done") & " / 32" -> 0 / 32 | F15: =IFERROR(COUNTIF(#REF!, "Done")/32,0) -> 0
A16: Week 2 | B16: Agents & Orchestration | C16: 32 | D16: =SUMIFS('Week 2'!H5:H36, 'Week 2'!G5:G36, "Done") -> 0 | E16: =COUNTIF('Week 2'!G5:G36, "Done") & " / 32" -> 0 / 32 | F16: =IFERROR(COUNTIF('Week 2'!G5:G36, "Done")/32,0) -> 0
A17: Week 3 | B17: Evals, Fine-tuning, Optimization | C17: 32 | D17: =SUMIFS('Week 3'!H5:H36, 'Week 3'!G5:G36, "Done") -> 0 | E17: =COUNTIF('Week 3'!G5:G36, "Done") & " / 32" -> 0 / 32 | F17: =IFERROR(COUNTIF('Week 3'!G5:G36, "Done")/32,0) -> 0
A18: Week 4 | B18: Production & Shipping | C18: 32 | D18: =SUMIFS('Week 4'!H5:H36, 'Week 4'!G5:G36, "Done") -> 0 | E18: =COUNTIF('Week 4'!G5:G36, "Done") & " / 32" -> 0 / 32 | F18: =IFERROR(COUNTIF('Week 4'!G5:G36, "Done")/32,0) -> 0
A19: TOTAL | B19: All weeks | C19: 128 | D19: =SUM(D15:D18) -> 0 | E19: =(COUNTIF('Week 1'!G5:G36,"Done")+COUNTIF('Week 2'!G5:G36,"Done")+COUNTIF('Week 3'!G5:G36,"Done")+COUNTIF('Week 4'!G5:G36,"Done")) & " / 128" -> 0 / 128 | F19: =IFERROR(D19/C19,0) -> 0
A22: CAPSTONE PROJECTS
A23: Week | B23: Project | C23: Description | D23: Deliverable | E23: Status | F23: Link
A24: Week 1 | B24: Production-grade RAG system | C24: Hybrid search + reranking + contextual retrieval over 1K+ docs with citations | D24: Deployed endpoint + small eval set + write-up | E24: Not Started
A25: Week 2 | B25: Multi-tool agent | C25: LangGraph agent with 3-5 tools, memory, streaming UI, HITL | D25: Deployed agent + demo video + GitHub | E25: Not Started
A26: Week 3 | B26: Eval suite + fine-tuned model | C26: 100+ item eval suite, LLM judge, fine-tuned Llama-3-8B compared to baselines | D26: HF model + evals repo + benchmark blog | E26: Not Started
A27: Week 4 | B27: Polished AI product | C27: Full Next.js + backend, observability, guardrails, deployed publicly | D27: Public launch (HN/Twitter/LinkedIn) | E27: Not Started

Sheet Week 1
A1: AI Engineer — Week 1: Production-grade RAG system
A2: Week of: | E2: Hours completed: | F2: =SUMIFS(H5:H36,G5:G36,"Done") -> 0 | G2: Status %: | H2: =COUNTIF(G5:G36,"Done")/32 -> 0
A4: Day | B4: Date | C4: Block | D4: Topic | E4: Task | F4: Resources | G4: Status | H4: Time Spent (h) | I4: Notes
A5: Mon | C5: Hr 1 | D5: Embeddings refresher | E5: Vector similarity, cosine vs dot product, normalization | F5: Sentence Transformers docs; Cohere embed guide | G5: Not Started | H5: 0
C6: Hr 2 | D6: Pinecone basics | E6: Indexes, namespaces, upsert, query, metadata filtering | F6: Pinecone Quickstart | G6: Not Started | H6: 0
C7: Hr 3 | D7: Pinecone advanced | E7: Hybrid search, sparse vectors, serverless tier | F7: Pinecone hybrid docs | G7: Not Started | H7: 0
C8: Hr 4 | D8: Basic RAG build | E8: End-to-end RAG over a small doc set with Pinecone | F8: Pinecone + OpenAI examples | G8: Not Started | H8: 0
A9: Tue | C9: Hr 1 | D9: Weaviate | E9: Schema, modules, hybrid search, GraphQL queries | F9: Weaviate Quickstart | G9: Not Started | H9: 0
C10: Hr 2 | D10: Chroma | E10: Local-first, simplicity, where it fits | F10: Chroma docs | G10: Not Started | H10: 0
C11: Hr 3 | D11: pgvector | E11: Postgres extension, when self-hosting makes sense | F11: pgvector GitHub | G11: Not Started | H11: 0
C12: Hr 4 | D12: Decision framework | E12: Build a comparison table: latency/cost/features by DB | F12: Vector DB comparison blogs | G12: Not Started | H12: 0
A13: Wed | C13: Hr 1 | D13: Embedding model landscape | E13: OpenAI text-embedding-3, Cohere, Voyage AI | F13: Each provider's docs | G13: Not Started | H13: 0
C14: Hr 2 | D14: Open-source embeddings | E14: BGE, E5, GTE families - tradeoffs, sizes | F14: HuggingFace model cards | G14: Not Started | H14: 0
C15: Hr 3 | D15: MTEB benchmark | E15: Read leaderboard, understand task-specific performance | F15: MTEB leaderboard on HF | G15: Not Started | H15: 0
C16: Hr 4 | D16: Fine-tuning embeddings | E16: When/how to fine-tune; sentence-transformers training | F16: sentence-transformers docs | G16: Not Started | H16: 0
A17: Thu | C17: Hr 1 | D17: Chunking overview | E17: Fixed-size, recursive, semantic - tradeoffs | F17: LangChain text splitters docs | G17: Not Started | H17: 0
C18: Hr 2 | D18: Advanced chunking | E18: Parent-document, small-to-big, sentence-window | F18: LlamaIndex node parsers | G18: Not Started | H18: 0
C19: Hr 3 | D19: Contextual Retrieval | E19: Anthropic's technique: prepend doc-level context to chunks | F19: Anthropic Contextual Retrieval post | G19: Not Started | H19: 0
C20: Hr 4 | D20: Implement | E20: Apply 3 strategies to same corpus, compare retrieval quality | F20: Use your own dataset | G20: Not Started | H20: 0
A21: Fri | C21: Hr 1 | D21: BM25 fundamentals | E21: TF-IDF refresher, why lexical still matters | F21: Elasticsearch BM25 docs | G21: Not Started | H21: 0
C22: Hr 2 | D22: RRF & hybrid scoring | E22: Reciprocal Rank Fusion, weighted combinations | F22: RRF paper; Elastic blog | G22: Not Started | H22: 0
C23: Hr 3 | D23: Cohere Rerank | E23: How rerankers work, API usage, latency cost | F23: Cohere Rerank docs | G23: Not Started | H23: 0
C24: Hr 4 | D24: Cross-encoders | E24: Local rerankers (bge-reranker, ms-marco), when to use | F24: sentence-transformers cross-encoders | G24: Not Started | H24: 0
A25: Sat | C25: Hr 1 | D25: HyDE | E25: Hypothetical Document Embeddings - query transformation | F25: HyDE paper / blog explanation | G25: Not Started | H25: 0
C26: Hr 2 | D26: Multi-query | E26: Generate query variations, fuse results | F26: LangChain MultiQueryRetriever | G26: Not Started | H26: 0
C27: Hr 3 | D27: Self-querying retrievers | E27: Extract metadata filters from natural language | F27: LangChain SelfQueryRetriever | G27: Not Started | H27: 0
C28: Hr 4 | D28: GraphRAG | E28: Microsoft GraphRAG, when knowledge graphs help | F28: Microsoft GraphRAG repo + paper | G28: Not Started | H28: 0
C29: Hr 5 | D29: Agentic RAG | E29: Retrieval as a tool, query planning agents | F29: LlamaIndex agent docs | G29: Not Started | H29: 0
C30: Hr 6 | D30: Pattern selection | E30: Pick patterns for your capstone corpus & sketch design | F30: Your corpus + notes | G30: Not Started | H30: 0
A31: Sun | C31: Hr 1 | D31: Corpus setup | E31: Choose non-trivial corpus (e.g., 1K+ technical docs) | F31: arXiv / docs / Wikipedia subset | G31: Not Started | H31: 0
C32: Hr 2 | D32: Ingestion pipeline | E32: Chunk with contextual retrieval, embed, upsert | F32: Your week's tooling | G32: Not Started | H32: 0
C33: Hr 3 | D33: Retrieval layer | E33: Hybrid search + reranking | F33: Pinecone + Cohere Rerank | G33: Not Started | H33: 0
C34: Hr 4 | D34: Generation with citations | E34: Prompt template with citation requirement | F34: Claude / GPT prompts | G34: Not Started | H34: 0
C35: Hr 5 | D35: Quick eval | E35: 10-20 hand-picked Q/A pairs, measure recall@k | F35: Your own gold set | G35: Not Started | H35: 0
C36: Hr 6 | D36: Deploy & document | E36: Deploy to Modal/Vercel, write README | F36: Modal / Vercel docs | G36: Not Started | H36: 0
A38: TOTALS | G38: =COUNTIF(G5:G36, "Done") & " / 32" -> 0 / 32 | H38: =SUM(H5:H36) -> 0

Sheet Week 2
A1: AI Engineer — Week 2: Agents & Orchestration
A2: Week of: | E2: Hours completed: | F2: =SUMIFS(H5:H36,G5:G36,"Done") -> 0 | G2: Status %: | H2: =COUNTIF(G5:G36,"Done")/32 -> 0
A4: Day | B4: Date | C4: Block | D4: Topic | E4: Task | F4: Resources | G4: Status | H4: Time Spent (h) | I4: Notes
A5: Mon | C5: Hr 1 | D5: Tool use refresher | E5: OpenAI vs Anthropic function calling - schema, response | F5: OpenAI + Anthropic tool use docs | G5: Not Started | H5: 0
C6: Hr 2 | D6: Parallel tool calls | E6: When supported, latency benefits, ordering | F6: Anthropic parallel tool use docs | G6: Not Started | H6: 0
C7: Hr 3 | D7: Streaming with tools | E7: SSE patterns, partial JSON, UX implications | F7: OpenAI streaming docs | G7: Not Started | H7: 0
C8: Hr 4 | D8: Error handling | E8: Tool failures, retries, fallbacks, validation | F8: Tool use best practices posts | G8: Not Started | H8: 0
A9: Tue | C9: Hr 1 | D9: LangGraph concepts | E9: State, nodes, edges, graphs vs chains | F9: LangGraph docs intro | G9: Not Started | H9: 0
C10: Hr 2 | D10: Simple agent | E10: Build a ReAct-style loop with one tool | F10: LangGraph tutorials | G10: Not Started | H10: 0
C11: Hr 3 | D11: Conditional edges & cycles | E11: Routing, loops, termination conditions | F11: LangGraph control flow docs | G11: Not Started | H11: 0
C12: Hr 4 | D12: Persistence & checkpoints | E12: Save/resume state, time-travel debugging | F12: LangGraph persistence docs | G12: Not Started | H12: 0
A13: Wed | C13: Hr 1 | D13: Human-in-the-loop | E13: Interrupts, approval gates, edits | F13: LangGraph HITL docs | G13: Not Started | H13: 0
C14: Hr 2 | D14: Streaming | E14: Stream tokens, intermediate states, tool calls | F14: LangGraph streaming docs | G14: Not Started | H14: 0
C15: Hr 3 | D15: Subgraphs | E15: Composition, encapsulation patterns | F15: LangGraph subgraphs docs | G15: Not Started | H15: 0
C16: Hr 4 | D16: LangGraph Studio | E16: Visual debugging, replays, traces | F16: LangGraph Studio docs | G16: Not Started | H16: 0
A17: Thu | C17: Hr 1 | D17: When multi-agent? | E17: Honest assessment: it's often overkill - read Anthropic posts | F17: Anthropic 'Building effective agents' | G17: Not Started | H17: 0
C18: Hr 2 | D18: CrewAI | E18: Roles, tasks, processes - hierarchical orchestration | F18: CrewAI docs | G18: Not Started | H18: 0
C19: Hr 3 | D19: AutoGen | E19: Conversable agents, group chat patterns | F19: AutoGen docs | G19: Not Started | H19: 0
C20: Hr 4 | D20: Supervisor patterns | E20: Plan-execute, orchestrator-worker in LangGraph | F20: LangGraph multi-agent docs | G20: Not Started | H20: 0
A21: Fri | C21: Hr 1 | D21: MCP protocol | E21: What MCP is, why it matters, client/server model | F21: Anthropic MCP docs | G21: Not Started | H21: 0
C22: Hr 2 | D22: Build MCP server | E22: Build a small MCP server exposing a tool | F22: MCP SDK examples | G22: Not Started | H22: 0
C23: Hr 3 | D23: Memory: short-term | E23: Conversation buffers, summarization memory | F23: LangChain Memory docs | G23: Not Started | H23: 0
C24: Hr 4 | D24: Memory: long-term | E24: Vector-store memory, episodic, semantic memory | F24: Mem0 / Letta docs | G24: Not Started | H24: 0
A25: Sat | C25: Hr 1 | D25: Agent design | E25: Pick a useful agent (e.g., research assistant, code reviewer) | F25: Existing examples for inspiration | G25: Not Started | H25: 0
C26: Hr 2 | D26: Define state & tools | E26: State schema, tools list, prompts | F26: LangGraph design patterns | G26: Not Started | H26: 0
C27: Hr 3 | D27: Build core loop | E27: Implement basic ReAct loop in LangGraph | F27: Your week's LangGraph notes | G27: Not Started | H27: 0
C28: Hr 4 | D28: Add 3-5 tools | E28: Search, retrieval, code exec, file IO etc. | F28: LangChain tool library | G28: Not Started | H28: 0
C29: Hr 5 | D29: Test happy paths | E29: Run 5-10 example queries, debug | F29: LangSmith for traces | G29: Not Started | H29: 0
C30: Hr 6 | D30: Iterate | E30: Refine prompts and routing based on failures | F30: Your trace logs | G30: Not Started | H30: 0
A31: Sun | C31: Hr 1 | D31: Add memory | E31: Persist conversation, add long-term store | F31: Your memory choice from Fri | G31: Not Started | H31: 0
C32: Hr 2 | D32: Edge cases | E32: Tool failures, infinite loops, bad outputs | F32: Best-practices articles | G32: Not Started | H32: 0
C33: Hr 3 | D33: Streaming UI | E33: Wire up streaming + intermediate state to a UI | F33: Vercel AI SDK or similar | G33: Not Started | H33: 0
C34: Hr 4 | D34: Deploy | E34: Deploy backend (Modal/fly.io) + frontend (Vercel) | F34: Each platform's docs | G34: Not Started | H34: 0
C35: Hr 5 | D35: Demo video | E35: Record 2-min Loom showing the agent solving a task | F35: Loom | G35: Not Started | H35: 0
C36: Hr 6 | D36: Write-up | E36: Blog post + GitHub README with architecture diagram | F36: Your blog | G36: Not Started | H36: 0
A38: TOTALS | G38: =COUNTIF(G5:G36, "Done") & " / 32" -> 0 / 32 | H38: =SUM(H5:H36) -> 0

Sheet Week 3
A1: AI Engineer — Week 3: Evals, Fine-tuning, Optimization
A2: Week of: | E2: Hours completed: | F2: =SUMIFS(H5:H36,G5:G36,"Done") -> 0 | G2: Status %: | H2: =COUNTIF(G5:G36,"Done")/32 -> 0
A4: Day | B4: Date | C4: Block | D4: Topic | E4: Task | F4: Resources | G4: Status | H4: Time Spent (h) | I4: Notes
A5: Mon | C5: Hr 1 | D5: Why evals? | E5: Eval > prompt-tuning instinct; Hamel's eval-driven dev | F5: Hamel Husain 'Your AI Product Needs Evals' | G5: Not Started | H5: 0
C6: Hr 2 | D6: RAGAS | E6: Faithfulness, answer relevancy, context precision/recall | F6: RAGAS docs | G6: Not Started | H6: 0
C7: Hr 3 | D7: DeepEval | E7: Pytest-style LLM evals, summarization tests, hallucination | F7: DeepEval docs | G7: Not Started | H7: 0
C8: Hr 4 | D8: Promptfoo & others | E8: Promptfoo, Inspect AI, Braintrust - landscape | F8: Each tool's homepage | G8: Not Started | H8: 0
A9: Tue | C9: Hr 1 | D9: Eval pipeline design | E9: Golden set creation, version control for evals | F9: Eugene Yan eval posts | G9: Not Started | H9: 0
C10: Hr 2 | D10: Pairwise comparison | E10: Side-by-side rating, win rate metrics | F10: Vicuna/MT-Bench style | G10: Not Started | H10: 0
C11: Hr 3 | D11: Regression testing | E11: Snapshot tests for LLMs, CI integration | F11: Promptfoo CI examples | G11: Not Started | H11: 0
C12: Hr 4 | D12: Build eval suite | E12: Create 30-50 item eval set for your Week 1 RAG | F12: Your RAG project | G12: Not Started | H12: 0
A13: Wed | C13: Hr 1 | D13: Judge methodology | E13: Score rubrics, calibration with humans | F13: G-Eval paper; LLM-as-judge survey | G13: Not Started | H13: 0
C14: Hr 2 | D14: Pitfalls | E14: Position bias, length bias, self-preference | F14: Bias studies in LLM judging | G14: Not Started | H14: 0
C15: Hr 3 | D15: Calibrating judges | E15: Confidence intervals, multi-judge ensembles | F15: Inter-rater reliability methods | G15: Not Started | H15: 0
C16: Hr 4 | D16: Practice | E16: Build a judge, validate on 20 human-labeled samples | F16: Your labeled set | G16: Not Started | H16: 0
A17: Thu | C17: Hr 1 | D17: When to fine-tune | E17: FT vs RAG vs prompting decision framework | F17: OpenAI FT guide; Hamel's posts | G17: Not Started | H17: 0
C18: Hr 2 | D18: LoRA / QLoRA theory | E18: Low-rank adapters, math behind, what hyperparams matter | F18: LoRA / QLoRA papers | G18: Not Started | H18: 0
C19: Hr 3 | D19: PEFT library | E19: HuggingFace PEFT walkthrough, configs | F19: PEFT docs | G19: Not Started | H19: 0
C20: Hr 4 | D20: Unsloth setup | E20: Faster FT on consumer GPUs, Colab notebook setup | F20: Unsloth GitHub README | G20: Not Started | H20: 0
A21: Fri | C21: Hr 1 | D21: Dataset prep | E21: Format SFT data, chat templates, eval split | F21: HuggingFace datasets docs | G21: Not Started | H21: 0
C22: Hr 2 | D22: Run fine-tune | E22: FT a Llama-3-8B or Qwen on a narrow task | F22: Unsloth notebooks | G22: Not Started | H22: 0
C23: Hr 3 | D23: Evaluate | E23: Run your eval suite on base vs fine-tuned | F23: Your suite from Tuesday | G23: Not Started | H23: 0
C24: Hr 4 | D24: Publish to HF | E24: Upload model to HuggingFace Hub with model card | F24: HF Hub docs | G24: Not Started | H24: 0
A25: Sat | C25: Hr 1 | D25: Prompt caching | E25: Anthropic prompt caching, OpenAI cached input | F25: Provider docs | G25: Not Started | H25: 0
C26: Hr 2 | D26: Model routing | E26: Cheap model first, expensive fallback, classifiers | F26: Martian / RouteLLM concepts | G26: Not Started | H26: 0
C27: Hr 3 | D27: Batching | E27: Batch APIs (50% discount), async batches | F27: OpenAI/Anthropic batch APIs | G27: Not Started | H27: 0
C28: Hr 4 | D28: Streaming UX | E28: TTFT vs total latency, streaming UI patterns | F28: Vercel AI SDK streaming | G28: Not Started | H28: 0
C29: Hr 5 | D29: Speculative decoding | E29: Concept awareness, when providers use it | F29: Papers + provider posts | G29: Not Started | H29: 0
C30: Hr 6 | D30: Apply optimizations | E30: Add caching + routing to one of your projects | F30: Your code | G30: Not Started | H30: 0
A31: Sun | C31: Hr 1 | D31: Project scoping | E31: Define a narrow task where FT could help | F31: Pick a task | G31: Not Started | H31: 0
C32: Hr 2 | D32: Eval suite (real) | E32: Build comprehensive 100+ item eval with judge | F32: Your stack | G32: Not Started | H32: 0
C33: Hr 3 | D33: Baseline runs | E33: Measure GPT-4, Claude, Llama base on eval | F33: Your eval harness | G33: Not Started | H33: 0
C34: Hr 4 | D34: Fine-tune small | E34: Fine-tune Llama-3-8B; track in W&B | F34: Unsloth + W&B | G34: Not Started | H34: 0
C35: Hr 5 | D35: Compare | E35: Plot results: cost, latency, accuracy across configs | F35: matplotlib | G35: Not Started | H35: 0
C36: Hr 6 | D36: Write up | E36: Blog: 'Fine-tuning vs RAG vs prompting on X' with data | F36: Your blog | G36: Not Started | H36: 0
A38: TOTALS | G38: =COUNTIF(G5:G36, "Done") & " / 32" -> 0 / 32 | H38: =SUM(H5:H36) -> 0

Sheet Week 4
A1: AI Engineer — Week 4: Production & Shipping
A2: Week of: | E2: Hours completed: | F2: =SUMIFS(H5:H36,G5:G36,"Done") -> 0 | G2: Status %: | H2: =COUNTIF(G5:G36,"Done")/32 -> 0
A4: Day | B4: Date | C4: Block | D4: Topic | E4: Task | F4: Resources | G4: Status | H4: Time Spent (h) | I4: Notes
A5: Mon | C5: Hr 1 | D5: Why observability? | E5: Drift, regressions, debugging - LLM-specific needs | F5: Langfuse blog / LangSmith intro | G5: Not Started | H5: 0
C6: Hr 2 | D6: LangSmith | E6: Traces, datasets, online evals, hub | F6: LangSmith docs | G6: Not Started | H6: 0
C7: Hr 3 | D7: Langfuse | E7: Open-source alternative, self-hosting, scoring | F7: Langfuse docs | G7: Not Started | H7: 0
C8: Hr 4 | D8: Wire it up | E8: Add observability to your Week 2 agent | F8: Either platform + your code | G8: Not Started | H8: 0
A9: Tue | C9: Hr 1 | D9: Structured outputs | E9: JSON mode, function calling for structure, Pydantic | F9: Instructor library docs | G9: Not Started | H9: 0
C10: Hr 2 | D10: NeMo Guardrails | E10: Programmable rules, dialog flows, fact-checking | F10: NeMo Guardrails docs | G10: Not Started | H10: 0
C11: Hr 3 | D11: Guardrails AI | E11: Validators, RAIL spec, hallucination checks | F11: Guardrails AI docs | G11: Not Started | H11: 0
C12: Hr 4 | D12: Validation patterns | E12: Output schema, retry-on-fail, classifier filters | F12: Pydantic + custom validators | G12: Not Started | H12: 0
A13: Wed | C13: Hr 1 | D13: OWASP LLM Top 10 | E13: Read full list, understand each risk | F13: OWASP LLM Top 10 docs | G13: Not Started | H13: 0
C14: Hr 2 | D14: Prompt injection | E14: Direct vs indirect, defenses, why it's unsolved | F14: Simon Willison's prompt injection posts | G14: Not Started | H14: 0
C15: Hr 3 | D15: PII & data handling | E15: Detection, redaction, masking, compliance basics | F15: Microsoft Presidio docs | G15: Not Started | H15: 0
C16: Hr 4 | D16: Audit a project | E16: Apply security checklist to your agent project | F16: OWASP checklist | G16: Not Started | H16: 0
A17: Thu | C17: Hr 1 | D17: Modal | E17: Serverless GPU, function deployment patterns | F17: Modal docs | G17: Not Started | H17: 0
C18: Hr 2 | D18: Replicate | E18: Cog, model deployment, when it fits | F18: Replicate docs | G18: Not Started | H18: 0
C19: Hr 3 | D19: fly.io / Railway | E19: App platforms for AI backends, regions, scaling | F19: fly.io docs | G19: Not Started | H19: 0
C20: Hr 4 | D20: Vercel for Next.js | E20: Edge functions, AI SDK integration, streaming | F20: Vercel + AI SDK docs | G20: Not Started | H20: 0
A21: Fri | C21: Hr 1 | D21: Vercel AI SDK | E21: useChat, useCompletion, server actions, RSC | F21: Vercel AI SDK docs | G21: Not Started | H21: 0
C22: Hr 2 | D22: Streaming UI | E22: Token-by-token, tool calls, generative UI | F22: AI SDK examples | G22: Not Started | H22: 0
C23: Hr 3 | D23: shadcn/ui basics | E23: Component install, theming, copy-paste philosophy | F23: shadcn/ui docs | G23: Not Started | H23: 0
C24: Hr 4 | D24: Polish existing app | E24: Apply polish to a Week 1-3 project's frontend | F24: Your code | G24: Not Started | H24: 0
A25: Sat | C25: Hr 1 | D25: Define capstone | E25: Pick a useful AI product you'd actually use | F25: Your problem ideas | G25: Not Started | H25: 0
C26: Hr 2 | D26: Scope ruthlessly | E26: MVP scope, what to cut, success criteria | F26: 'Inspired' / scoping articles | G26: Not Started | H26: 0
C27: Hr 3 | D27: Backend setup | E27: Set up project, API routes, model calls | F27: Next.js / FastAPI | G27: Not Started | H27: 0
C28: Hr 4 | D28: Core feature: build | E28: Implement core RAG/agent loop | F28: Your stack | G28: Not Started | H28: 0
C29: Hr 5 | D29: Frontend scaffold | E29: Build the chat/main UI with shadcn/ui | F29: shadcn/ui blocks | G29: Not Started | H29: 0
C30: Hr 6 | D30: Wire end-to-end | E30: Connect frontend ↔ backend, basic auth | F30: Clerk for auth | G30: Not Started | H30: 0
A31: Sun | C31: Hr 1 | D31: Observability | E31: Add tracing (LangSmith/Langfuse) | F31: Your observability choice | G31: Not Started | H31: 0
C32: Hr 2 | D32: Eval gates | E32: Add CI evals from Week 3 patterns | F32: Promptfoo or custom | G32: Not Started | H32: 0
C33: Hr 3 | D33: Deploy backend | E33: Deploy to Modal / Railway / fly.io | F33: Platform docs | G33: Not Started | H33: 0
C34: Hr 4 | D34: Deploy frontend | E34: Vercel deploy, env vars, domain | F34: Vercel docs | G34: Not Started | H34: 0
C35: Hr 5 | D35: Demo + content | E35: Record demo video, screenshots, marketing copy | F35: Loom + Canva | G35: Not Started | H35: 0
C36: Hr 6 | D36: Publish | E36: Tweet/LinkedIn launch, post to Hacker News, blog post | F36: Where your audience lives | G36: Not Started | H36: 0
A38: TOTALS | G38: =COUNTIF(G5:G36, "Done") & " / 32" -> 0 / 32 | H38: =SUM(H5:H36) -> 0

Sheet Projects
A1: Capstone Projects — Detail
A3: Week | B3: Project Name | C3: Description | D3: Requirements | E3: Deliverable | F3: Status | G3: GitHub / Blog Link
A4: Week 1 | B4: Production-grade RAG system | C4: Hybrid search + reranking + contextual retrieval over 1K+ docs with citations | D4: Vector DB + LLM API access | E4: Deployed endpoint + small eval set + write-up | F4: Not Started
A5: Week 2 | B5: Multi-tool agent | C5: LangGraph agent with 3-5 tools, memory, streaming UI, HITL | D5: Week 1 RAG (use as a tool) | E5: Deployed agent + demo video + GitHub | F5: Not Started
A6: Week 3 | B6: Eval suite + fine-tuned model | C6: 100+ item eval suite, LLM judge, fine-tuned Llama-3-8B compared to baselines | D6: Compute (Colab Pro or Modal) | E6: HF model + evals repo + benchmark blog | F6: Not Started
A7: Week 4 | B7: Polished AI product | C7: Full Next.js + backend, observability, guardrails, deployed publicly | D7: All prior weeks | E7: Public launch (HN/Twitter/LinkedIn) | F7: Not Started

Sheet Resources
A1: Curated Resources
A3: Category | B3: Resource | C3: Source / URL | D3: Notes
A4: Foundational | B4: Anthropic 'Building effective agents' | C4: anthropic.com/research | D4: Read this twice
A5: Foundational | B5: AI Engineer's Handbook | C5: — | D5: Paco Nathan's writings; AI Engineer Summit talks
A6: Foundational | B6: OpenAI Cookbook | C6: github.com/openai/openai-cookbook | D6: Battle-tested patterns
A7: Foundational | B7: Anthropic Cookbook | C7: github.com/anthropics/anthropic-cookbook | D7: Tool use, agents, evals
A8: Blogs - Must Read | B8: Hamel Husain's blog | C8: hamel.dev | D8: Evals + AI engineering; the GOAT
A9: Blogs - Must Read | B9: Eugene Yan's blog | C9: eugeneyan.com | D9: Patterns, evals, production
A10: Blogs - Must Read | B10: Simon Willison's blog | C10: simonwillison.net | D10: Daily LLM news + experiments
A11: Blogs - Must Read | B11: Latent Space | C11: latent.space | D11: Podcast + posts, AI Engineer focused
A12: Blogs - Must Read | B12: Chip Huyen's blog | C12: huyenchip.com | D12: RAG/agents/LLMOps
A13: Frameworks | B13: LangChain docs | C13: python.langchain.com | D13: Reference, not bible
A14: Frameworks | B14: LangGraph docs | C14: langchain-ai.github.io/langgraph | D14: For agentic workflows
... A35: Communities | B35: Latent Space Discord | C35: — | D35: Active AI engineer community
